{
  "Author": "That one kid",
  "Compatibility": "Compatible",
  "DefuserDifficulty": "Easy",
  "Description": "Use some displays and a bunch of buttons to unlock each section. Tags: Edgeword, displays, screens, black, buttons",
  "ExpertDifficulty": "Medium",
  "ModuleID": "blackScreens",
  "Name": "Black Screens",
  "Origin": "Mods",
  "Published": "2022-12-31",
  "SortKey": "BLACKSCREENS",
  "SourceUrl": "???",
  "Souvenir": { "Status": "NotACandidate" },
  "SteamID": "???",
  "Symbol": "Blsc",
  "Type": "Regular"
}