{
  "Author": "That one kid",
  "Compatibility": "Compatible",
  "DefuserDifficulty": "Easy",
  "Description": "Black Screens but you can use the useless buttons Tags: Not-Modded-Modules, Useless-to-useful, button-presses",
  "ExpertDifficulty": "Easy",
  "ModuleID": "blackScreensNot",
  "Name": "Not Black Screens",
  "Origin": "Mods",
  "Published": "2022-02-06",
  "SortKey": "NOTBLACKSCREENS",
  "SourceUrl": "https://github.com/Kbushra/ktaneBlackScreensNot",
  "Souvenir": { "Status": "NotACandidate" },
  "SteamID": "2744256940",
  "Symbol": "Nblsc",
  "Type": "Regular"
}